Iteration,Value
0,4463.6826
1,6266.214
2,5226.314
3,4233.8174
4,5295.1846
5,5642.463
6,4637.313
7,4429.2134
8,4894.378
9,6053.3496
10,5283.074
11,5149.2363
12,4137.9824
13,3894.3665
14,5659.7144
15,4590.662
16,4752.647
17,4436.692
18,4602.4053
19,5888.247
20,5583.488
21,5528.22
22,5484.3486
23,7042.5396
24,5664.7637
25,4710.1997
26,5552.088
27,4814.452
28,5825.8945
29,4840.892
30,5831.9956
31,4634.899
32,5072.245
33,6059.58
34,4075.1418
35,5617.571
36,4965.69
37,6160.1074
38,5210.57
39,5140.6777
40,4861.6357
41,5375.4595
42,5449.8174
43,5073.3906
44,5404.5317
45,6266.544
46,6042.9683
47,5102.0737
48,4604.001
49,5350.992
50,5665.842
51,5093.911
52,6608.5327
53,4700.2275
54,5723.7607
55,5647.028
56,6825.044
57,5756.4546
58,5562.466
59,5044.8555
60,5399.7847
61,5533.5435
62,4848.2305
63,6137.649
64,5181.4585
65,6957.9463
66,6041.407
67,5066.6045
68,6336.0923
69,5283.575
70,6426.099
71,5320.635
72,7368.462
73,6502.2114
74,5694.0283
75,7147.546
76,6497.4893
77,5346.3013
78,5894.0767
79,5340.9277
80,6806.5273
81,7383.2124
82,6161.3877
83,6168.04
84,6245.8
85,5782.621
86,5969.622
87,6118.862
88,6612.011
89,7052.104
90,6636.055
91,7636.597
92,5774.3716
93,6422.8906
94,5014.085
95,5957.276
96,6417.858
97,5850.8257
98,6433.6177
99,6595.2393
100,5471.5874
101,5985.367
102,7212.2236
103,7878.27
104,6744.764
105,6901.821
106,5935.2485
107,4471.248
108,5104.714
109,5412.1104
110,7402.103
111,5691.4473
112,5397.298
113,7620.266
114,6685.289
115,6734.838
116,5788.326
117,7421.661
118,6221.7104
119,6471.344
120,6778.0103
121,7582.2266
122,7553.5117
123,7231.219
124,7113.093
125,6127.0273
126,8111.241
127,7763.671
128,6758.6455
129,7778.9985
130,6140.995
131,7431.5684
132,5241.1997
133,9183.761
134,6441.6387
135,7396.245
136,6904.6235
137,7429.8726
138,6428.231
139,6618.856
140,6327.5757
141,7962.1646
142,7136.6787
143,6479.1143
144,6661.0024
145,6426.3823
146,7581.1533
147,7807.8296
148,8121.798
149,6507.294
150,6043.8687
151,7858.916
152,7404.649
153,6395.6367
154,7125.465
155,7048.3335
156,6016.9756
157,7110.52
158,8820.122
159,5024.355
160,8353.621
161,6865.306
162,8254.753
163,6549.523
164,7387.72
165,7360.556
166,7717.9565
167,8131.119
168,7118.232
169,6857.1943
170,6793.604
171,8363.488
172,7942.743
173,9068.799
174,6380.537
175,6242.582
176,6688.9937
177,8149.7583
178,8037.6514
179,7334.7344
180,9302.607
181,7013.8213
182,7422.4077
183,7548.372
184,6389.9385
185,8447.252
186,9428.128
187,8987.27
188,8219.294
189,8307.355
190,6765.2183
191,8320.446
192,10199.348
193,7136.4395
194,7266.2007
195,10522.041
196,8444.805
197,8942.554
198,7404.8804
199,7300.7397
200,8426.472
201,10613.125
202,10487.0205
203,8232
204,9689.867
205,7780.225
206,8392.578
207,12428.678
208,8461.511
209,8133.197
210,7089.987
211,9225.955
212,6670.296
213,7550.294
214,8127.5425
215,10633.538
216,10226.068
217,9219.795
218,7888.7153
219,8958.568
220,9021.802
221,10321.09
222,8320.478
223,7080.0464
224,9314.257
225,8172.7456
226,7444.862
227,8668.274
228,10022.547
229,8751.165
230,8680.33
231,8509.38
232,9990.08
233,7557.7217
234,8981.723
235,9692.416
236,8518.314
237,8023.5474
238,8225.37
239,10092.335
240,8127.3604
241,9828.804
242,10487.324
243,9351.062
244,8058.854
245,9398.958
246,7889.3315
247,9321.74
248,8178.142
249,9008.922
250,9383.03
251,7560.5435
252,11801.231
253,11787.214
254,8133.923
255,8384.099
256,8880.859
257,8686.458
258,8730.589
259,9224.902
260,8847.318
261,11047.264
262,8479.824
263,10638.683
264,8157.0713
265,11762.39
266,9155.458
267,9282.691
268,9789.74
269,9626.493
270,8729.64
271,8336.142
272,7227.0166
273,6866.5684
274,10753.989
275,10936.488
276,8995.088
277,9172.566
278,11822.308
279,8651.486
280,12122.204
281,9806.796
282,9904.588
283,12949.585
284,8675.913
285,9754.41
286,8367.17
287,11254.764
288,9849.477
289,11355.17
290,9994.489
291,8698.247
292,11418.171
293,11292.165
294,7794.0537
295,9306.421
296,13200.139
297,8227.328
298,12559.018
299,10905.973
300,11581.537
301,11290.362
302,11335.557
303,10524.534
304,11548.606
305,10741.265
306,8537.752
307,10105.74
308,12786.076
309,9337.541
310,10271.517
311,10786.902
312,12407.695
313,8934.407
314,11205.128
315,11224.548
316,9671.882
317,11152.652
318,13676.711
319,9973.927
320,10879.078
321,12864.022
322,10259.248
323,11570.976
324,13842.84
325,12139.136
326,9951.272
327,10245.35
328,9743.827
329,11222.746
330,10617.539
331,10149.897
332,8875.94
333,10544.983
334,11291.849
335,9937.637
336,11345.754
337,10056.887
338,9012.985
339,11222.343
340,11937.535
341,11226.743
342,11887.869
343,14443.6045
344,11320.441
345,10695.061
346,11015.547
347,13170.817
348,11251.651
349,12751.335
350,14696.381
351,11350.293
352,13614.346
353,11953.904
354,12287.556
355,11312.117
356,13977.108
357,11272.005
358,15299
359,11844.631
360,14463.543
361,8800.212
362,11780.036
363,12103.986
364,10204.3955
365,13998.532
366,8629.944
367,9647.881
368,12169.358
369,12724.784
370,11664.699
371,12691.429
372,9688.128
373,11352.059
374,14357.317
375,14728.438
376,9672.737
377,13209.892
378,11582.029
379,15259.737
380,11067.932
381,12880.884
382,12437.002
383,12894.12
384,10927.455
385,15638.51
386,11474.848
387,12632.437
388,10877.227
389,11759.9
390,12258.565
391,10194.727
392,17325.23
393,12850.037
394,14446.61
395,13766.93
396,12183.51
397,11542.473
398,11954.041
399,12775.763
400,11790.992
401,9733.877
402,13604.514
403,14103.83
404,11849.087
405,15408.899
406,13219.328
407,12196.1455
408,14920.541
409,12313.78
410,13460.504
411,10928.735
412,14178.44
413,16834.504
414,16051.457
415,9769.505
416,10345.17
417,13320.671
418,12348.828
419,12715.872
420,10418.878
421,12045.385
422,12176.955
423,9712.07
424,12833.587
425,10133.885
426,11717.56
427,13399.545
428,11645.644
429,12818.456
430,12898.734
431,14222.808
432,14370.852
433,13721.904
434,13024.456
435,12258.303
436,12603.575
437,10146.737
438,12141.106
439,11753.186
440,13987.051
441,11786.796
442,11922.449
443,15124.133
444,12083.715
445,13002.111
446,13468.224
447,16050.668
448,14435.394
449,12652.875
450,12158.463
451,12602.735
452,10422.247
453,17915.137
454,14856.931
455,14570.426
456,16696.896
457,18359.863
458,13811.51
459,13738.232
460,15279.171
461,12943.808
462,16385.473
463,16455.049
464,12633.672
465,11793.05
466,10293.57
467,14596.647
468,15135.07
469,14777.802
470,14200.484
471,14343.8
472,13814.8545
473,14559.931
474,13690.167
475,16848.717
476,11939.021
477,14414.626
478,15341.552
479,16078.208
480,15570.825
481,14970.736
482,14345.524
483,16388.195
484,14428.031
485,13948.2705
486,16153.474
487,14373.264
488,13586.872
489,15071.016
490,12888.386
491,14024.876
492,17601.07
493,15400.266
494,13256.357
495,14292.627
496,15886.923
497,13631.722
498,11558.902
499,11826.112
500,15697.996
501,14645.804
502,16210.804
503,11635.889
504,14192.817
505,12678.398
506,14232.178
507,16701.863
508,13879.776
509,14116.889
510,12592.055
511,10995.872
512,15745.6875
513,18021.09
514,14686.252
515,13880.753
516,16191.206
517,15407.588
518,17142.334
519,15350.453
520,16512.287
521,14795.088
522,14616.84
523,13708.255
524,16075.674
525,17713.322
526,13963.306
527,15280.278
528,14840.606
529,14322.694
530,13384.203
531,17506.195
532,19851.783
533,14250.18
534,15235.283
535,14103.059
536,16250.596
537,13822.49
538,14248.496
539,18071.63
540,17260.672
541,15335.267
542,13513.289
543,13913.848
544,18706.28
545,15628.866
546,15600.418
547,14324.542
548,17233.777
549,15021.819
550,19120.12
551,15075.969
552,15318.74
553,17498.617
554,13202.42
555,14102.616
556,20998.87
557,16464.543
558,14861.012
559,16734.027
560,14225.727
561,14890.751
562,16775.145
563,15627.189
564,13193.058
565,14652.773
566,17572.621
567,18952.889
568,11344.063
569,18216.863
570,19029.693
571,15147.015
572,18110.484
573,17557.53
574,18867.426
575,15608.439
576,18990.553
577,13727.377
578,16890.367
579,14704.272
580,18107.43
581,16594.48
582,18570.268
583,15070.375
584,16773.023
585,16640.957
586,13469.531
587,17800.275
588,17923.955
589,17806.094
590,16045.766
591,18448.771
592,17169.898
593,16922.174
594,15160.015
595,17303.346
596,16863.037
597,17131.912
598,14191.987
599,18923.797
600,16963.041
601,14400.114
602,19229.387
603,18244.396
604,15024.005
605,15732.728
606,14435.879
607,15635.069
608,14699.001
609,17375.777
610,13198.067
611,14868.169
612,17377.092
613,15131.058
614,15538.914
615,15654.151
616,17881.926
617,15700.588
618,18442.676
619,16949.54
620,16027.247
621,17154.184
622,13074.943
623,15158.874
624,15180.547
625,16677.203
626,16876.695
627,18683.7
628,18977.83
629,15802.8125
630,14578.965
631,18527.568
632,19535.72
633,15010.323
634,15972.935
635,17001.016
636,18632.852
637,14656.733
638,16151.931
639,18025.045
640,16133.259
641,20006.2
642,18743.256
643,18576.205
644,16535.82
645,18138.28
646,19611.963
647,19168.404
648,15777.237
649,17122.283
650,21119.19
651,15299.054
652,18519.287
653,18960.316
654,16545.137
655,16732.934
656,19153.512
657,17366.367
658,18365.61
659,18502.893
660,19526.14
661,17936.676
662,13803.25
663,13726.42
664,18928.44
665,17848.297
666,17604.941
667,19338.2
668,17510.734
669,18002.057
670,17905.938
671,15799.593
672,22423.307
673,16694.422
674,18167.41
675,19998.508
676,18814.238
677,17784.205
678,18694.457
679,18942.709
680,18062.89
681,17853.932
682,20462.152
683,17482.797
684,16126.723
685,19089.277
686,18745.29
687,18141.506
688,17238.445
689,18892.299
690,17467.559
691,21690.746
692,18840.426
693,21251.332
694,21963.586
695,19164.045
696,18995.426
697,19655.795
698,16979.97
699,18903.836
700,18522.938
701,19246.02
702,18635.809
703,17736.422
704,22368.68
705,20863.07
706,20455.416
707,15358.859
708,17799.79
709,18238.307
710,16417.71
711,20214.012
712,20663.012
713,19846.033
714,17524.527
715,20080.758
716,16969.463
717,21660.678
718,21749.93
719,20706.188
720,20417.184
721,21042.24
722,20689.895
723,17574.34
724,16644.535
725,20437.809
726,19787.078
727,17777.467
728,20168.545
729,19602.758
730,19440.277
731,17856.387
732,21531.727
733,17697.771
734,21604.816
735,16949.45
736,17466.77
737,17778.21
738,19906.121
739,15525.285
740,20339.023
741,19120.113
742,20895.387
743,16139.258
744,19291.104
745,21630.318
746,18504.404
747,19671.129
748,21640.754
749,17534.83
750,15537.502
751,19710.967
752,22556.793
753,20597.36
754,17496.646
755,22173.697
756,20635.984
757,17060.219
758,19779.11
759,20090.436
760,20073.96
761,17684.44
762,19574.727
763,19467.174
764,20566.947
765,18512.867
766,18684.416
767,20659.053
768,18067.295
769,19235.81
770,19773.266
771,22002.52
772,20146.092
773,16795.578
774,20697.477
775,19402.117
776,20263.553
777,22878.932
778,18618.625
779,18744.04
780,18812.354
781,23088.365
782,19751.436
783,21838.592
784,19597.932
785,20107.656
786,18515.197
787,19543.475
788,19772.285
789,22467.68
790,21766.67
791,24035.555
792,22222.574
793,20890.705
794,20072.604
795,20957.902
796,18400.018
797,20921.941
798,22542.242
799,20276.58
800,19182.068
801,20417.877
802,20415.762
803,19439.803
804,20059.96
805,20619.262
806,17599.988
807,20313.65
808,20733.639
809,22774.875
810,23102.172
811,21279.365
812,22756.55
813,18215.72
814,21257.55
815,20819.684
816,22052.244
817,19329.422
818,21401.25
819,19012.898
820,19309.834
821,20207.758
822,18739.299
823,17040.635
824,18033.465
825,16433.088
826,18027.525
827,17672.854
828,24781.49
829,17819.555
830,22145.271
831,19826.975
832,24132.152
833,22897.445
834,23327.193
835,20898.617
836,22232.898
837,23380.676
838,22003.717
839,21522.17
840,23696.238
841,25062.922
842,20868.082
843,21202.94
844,18002.496
845,19971.707
846,19223.527
847,19400.223
848,19844.625
849,20991.318
850,23272.404
851,23789.443
852,24999.314
853,21288.197
854,18625.793
855,22731.951
856,19341.348
857,24304.35
858,24430.018
859,19543.05
860,19274.758
861,22889.168
862,20911.713
863,26630.146
864,19009.508
865,20181.707
866,22701.268
867,22790.686
868,21055.871
869,20453.428
870,18651.25
871,22079.97
872,22267.273
873,23442.885
874,20064.152
875,21105.912
876,21789.09
877,21036.602
878,21517.102
879,22665.664
880,24072.535
881,22296.795
882,23537.598
883,20128.2
884,24253.604
885,25066.24
886,20280.533
887,23974.033
888,23014.152
889,19800.97
890,18155.281
891,21526.578
892,20203.582
893,19419.793
894,21841.57
895,18937.893
896,24201.371
897,20135.713
898,24269.012
899,20874.867
900,18381.672
901,20574.93
902,20204.809
903,18964.201
904,19566.283
905,22229.455
906,20510.85
907,23628.725
908,20397.064
909,19248.879
910,24617.986
911,22702.445
912,21675.465
913,20571.97
914,19096.344
915,23740.418
916,22207.11
917,19623.594
918,21501.768
919,23254.908
920,21317.879
921,19496.982
922,22363.996
923,20807.553
924,23853.062
925,24968.086
926,22023.129
927,24663.25
928,24541.316
929,23404.39
930,20837.66
931,21543.818
932,21610.352
933,20705.102
934,19256.795
935,23894.734
936,23912.373
937,21889.838
938,23949.84
939,21740.357
940,22175.459
941,25573.125
942,22119.027
943,22184.01
944,23868.662
945,23169.297
946,22483.514
947,24208.047
948,23651.053
949,21635.77
950,20602.344
951,23422.123
952,21993.488
953,20905.465
954,19945.746
955,20599.068
956,20612.902
957,19743.455
958,20766.914
959,19385.607
960,20967.29
961,24581.396
962,23670.025
963,22016.898
964,21754.691
965,23304.348
966,21554.027
967,21240.576
968,22701.69
969,21345.578
970,20870.203
971,25251.996
972,24010.023
973,20536.217
974,22992.006
975,24777.74
976,24091.973
977,23425.863
978,22433.662
979,22300.238
980,22253.588
981,22895.295
982,23979.693
983,21439.348
984,23741.129
985,21288.549
986,22798.781
987,23417.95
988,23261.854
989,23261.008
990,22346.797
991,22071.764
992,22800.994
993,24302.756
994,22670.744
995,20212.613
996,25750.95
997,24890.893
998,21337.076
999,22517.234
1000,24372.459
1001,21701.355
1002,24783.46
1003,21000.844
1004,26114.207
1005,25313.96
1006,26404.36
1007,23111.105
1008,26169.744
1009,23627.477
1010,25239.97
1011,20141.09
1012,20578.2
1013,22531.951
1014,21846.053
1015,21570.09
1016,24032.91
1017,20600.291
1018,24990.225
1019,23045.578
1020,22304.904
1021,23235.318
1022,23737.83
1023,21458.537
1024,21625.5
1025,22323.676
1026,24129.02
1027,19781.297
1028,24995.066
1029,21833.434
1030,25205.197
1031,21493.15
1032,25965.197
1033,24263.89
1034,22766.57
1035,25661.822
1036,22877.713
1037,21955.861
1038,22614.314
1039,22008.008
1040,19437.727
1041,24728.344
1042,25397.371
1043,22696.17
1044,24565.379
1045,25102.371
1046,24175.793
1047,24239.229
1048,22966.871
1049,22022.572
1050,24774.543
1051,22388.455
1052,23045.969
1053,22658.32
1054,24157.287
1055,21380.15
1056,24959.25
1057,26901.965
1058,25658.863
1059,21346
1060,26004.217
1061,22741.95
1062,19590.273
1063,25836.36
1064,24104.39
1065,24455.398
1066,24377.059
1067,23927.848
1068,24355.295
1069,21607.459
1070,22897.305
1071,22719.443
1072,22374.424
1073,22966.621
1074,23761.938
1075,23865.033
1076,21270.623
1077,27358.254
1078,21497.129
1079,24064.648
1080,25157.361
1081,19064.236
1082,21190.709
1083,25012.594
1084,23457.773
1085,25056.248
1086,24558.39
1087,24971.898
1088,22497.717
1089,22423.908
1090,20898.746
1091,24977.098
1092,23938.24
1093,25648.346
1094,20910.918
1095,23038.957
1096,20242.23
1097,23041.135
1098,21204.146
1099,22591.223
1100,24905.508
1101,25395.238
1102,25109.475
1103,27284.635
1104,21813.734
1105,22332.271
1106,22401.041
1107,24121.484
1108,23155.645
1109,23660.125
1110,24010.082
1111,22798.549
1112,22842.236
1113,25111.576
1114,24047.414
1115,23055.963
1116,25378.797
1117,21960.668
1118,23717.734
1119,24484.31
1120,23014.857
1121,24477.525
1122,23832.38
1123,24389.08
1124,20514.227
1125,24011.9
1126,23327.62
1127,20535.844
1128,26216.49
1129,21899.89
1130,21475.883
1131,23075.125
1132,26154.902
1133,23583.633
1134,25462.672
1135,23934.33
1136,23501.248
1137,20797.52
1138,22433.031
1139,25235.742
1140,24728.258
1141,21733.602
1142,25860.672
1143,23081.25
1144,22533.79
1145,24180.414
1146,23731.324
1147,24252.479
1148,23633.266
1149,24129.852
1150,26311.066
1151,24001.406
1152,26918.12
1153,23184.59
1154,24468.512
1155,21657.658
1156,25391.846
1157,24801.201
1158,23523.664
1159,25815.375
1160,21996.338
1161,24523.809
1162,22115.629
1163,22471.49
1164,21177.479
1165,24018.129
1166,24259.922
1167,25770.883
1168,23758.414
1169,26437.406
1170,22550.541
1171,21608.748
1172,26088.25
1173,23015.094
1174,21856.314
1175,24861.215
1176,21849.637
1177,24959.697
1178,28580.812
1179,24464.271
1180,19651.7
1181,23611.195
1182,23064.914
1183,24277.734
1184,19806.945
1185,23820.117
1186,22970.967
1187,21645.947
1188,22474.635
1189,26094.182
1190,24526.838
1191,22377.125
1192,26932.11
1193,21094.543
1194,26360.182
1195,26589.533
1196,26302.393
1197,23357.008
1198,24308.018
1199,26861.684
1200,23196.732
1201,23787.203
1202,21484.746
1203,23944.656
1204,23580.834
1205,26469.953
1206,22223.984
1207,25165.105
1208,25454.02
1209,23566.56
1210,23202.826
1211,24099.229
1212,27616.346
1213,23859.785
1214,25208.627
1215,27819.104
1216,25738.756
1217,19450.72
1218,24575.486
1219,22574.436
1220,23236
1221,23744.861
1222,26046.262
1223,25702.611
1224,24680.795
1225,25572.395
1226,26364.865
1227,22562.896
1228,22482.242
1229,26093.287
1230,23773.568
1231,28142.406
1232,23905.623
1233,22868.227
1234,22103.828
1235,25242.016
1236,22021.066
1237,22452.693
1238,24197.748
1239,28414.703
1240,23186.39
1241,23565.938
1242,21006.266
1243,24188.107
1244,22418.508
1245,24598.125
1246,25506.889
1247,27782.486
1248,26825.416
1249,25062.729
1250,24556.164
1251,24410.367
1252,25481.299
1253,24641.615
1254,22862.148
1255,23957.896
1256,25094.959
1257,22678.445
1258,26400.012
1259,26125.242
1260,21036.826
1261,21880.197
1262,25382.773
1263,24182.05
1264,28199.707
1265,24361.016
1266,25484.824
1267,24265.584
1268,24817.303
1269,23996.846
1270,27341.678
1271,23413.607
1272,25011.605
1273,23596.188
1274,24361.543
1275,22620.781
1276,22684.494
1277,21812.14
1278,29250.588
1279,27182.43
1280,26358.627
1281,21996.666
1282,26246.041
1283,23346.188
1284,22878.004
1285,26086.834
1286,25397.559
1287,25642.654
1288,27226.7
1289,22804.27
1290,25309.219
1291,24580.145
1292,21149.75
1293,24233.656
1294,29401.764
1295,24119.236
1296,27966.104
1297,27663.592
1298,21747.793
1299,28658.877
1300,24130.41
1301,26802.617
1302,25244.69
1303,24012.242
1304,27346.238
1305,28845.883
1306,21915.832
1307,25252.77
1308,28834.11
1309,25067.389
1310,24600.045
1311,24723.848
1312,21929.904
1313,25981.527
1314,30323.969
1315,25738.709
1316,19867.143
1317,27008.783
1318,25483.896
1319,25438.568
1320,24939.428
1321,21933.17
1322,22176.852
1323,23130.377
1324,25673.043
1325,27097.123
1326,25691.518
1327,26547.281
1328,23280.305
1329,27205.543
1330,23504.26
1331,26311.06
1332,26269.59
1333,25379.617
1334,25720.057
1335,25580.023
1336,26309.137
1337,27512.135
1338,25353.764
1339,23618.898
1340,26759.83
1341,24965.047
1342,22079.924
1343,25684.586
1344,24212.8
1345,25048.457
1346,23810.734
1347,25597.611
1348,25745.037
1349,25726.562
1350,26676.53
1351,27660.791
1352,24549.117
1353,23728.787
1354,22847.195
1355,25284.348
1356,24619.623
1357,24007.588
1358,25480.816
1359,25716.55
1360,24125.73
1361,26010.154
1362,23959.617
1363,30493.451
1364,26797.91
1365,29065.379
1366,24307.787
1367,23468.447
1368,23451.459
1369,27854.334
1370,28065.943
1371,25898.922
1372,27908.771
1373,25704.48
1374,26307.826
1375,26445.39
1376,25240.674
1377,25915.807
1378,30155.102
1379,23778.076
1380,26952.805
1381,24174.785
1382,25614.475
1383,26057.916
1384,23997.434
1385,28916.28
1386,27228.207
1387,25729.75
1388,25593.898
1389,22646.191
1390,25814.3
1391,26755.197
1392,27062.098
1393,22201.32
1394,23034.438
1395,28156.736
1396,22517.754
1397,26371.533
1398,26094.639
1399,22775.203
1400,27091.246
1401,28226.766
1402,26073.697
1403,28852.178
1404,28759.787
1405,25300.547
1406,27689.484
1407,26816.791
1408,25145.559
1409,24163.768
1410,24687.037
1411,26131.066
1412,25258.38
1413,28274.094
1414,28853.791
1415,25359.54
1416,23811.914
1417,27720.64
1418,25533.467
1419,25005.656
1420,24207.068
1421,26635.451
1422,27136.03
1423,27476.23
1424,26829.527
1425,23692.107
1426,26819.203
1427,25967.137
1428,27351.72
1429,26963.178
1430,26517.4
1431,23546.605
1432,27883.93
1433,24908.463
1434,24987.041
1435,27783.73
1436,27926.242
1437,25184.014
1438,26944.969
1439,27488.982
1440,27438.508
1441,23155.03
1442,25224.285
1443,27322.727
1444,26202.627
1445,29196.146
1446,25539.438
1447,26746.953
1448,24545.969
1449,27303.215
1450,24937.58
1451,25684.324
1452,24814.01
1453,24768.543
1454,28903.838
1455,27012.576
1456,28253.736
1457,25265.246
1458,25161.111
1459,26460.697
1460,25305.777
1461,30893.373
1462,25758.465
1463,32346.5
1464,30237.273
1465,26926.088
1466,23382.703
1467,26231.285
1468,24581.781
1469,26248.982
1470,26403.14
1471,28356.668
1472,29933.965
1473,26445.47
1474,26024.951
1475,24175.266
1476,26488.729
1477,29170.193
1478,27641.963
1479,24022.314
1480,26651.303
1481,26038.332
1482,26831.422
1483,24607.236
1484,27224.621
1485,23587.297
1486,23795.32
1487,26711.672
1488,27265.787
1489,26409.83
1490,23308.537
1491,26897.475
1492,29066.164
1493,23827.79
1494,24259.334
1495,25910.24
1496,24983.021
1497,26942.066
1498,28518.14
1499,26816.848
1500,26159.746
1501,29204.277
1502,25913.814
1503,25470.281
1504,27995.055
1505,25910.836
1506,30720.562
1507,24047.861
1508,27752.322
1509,33025.05
1510,24132.623
1511,25186.875
1512,27107.193
1513,26408.807
1514,28020.74
1515,22982.18
1516,26765.672
1517,29182.396
1518,24839.72
1519,30613.146
1520,26690.049
1521,26184.672
1522,28091.29
1523,25330.172
1524,20891.959
1525,26801.41
1526,29416.293
1527,27715.307
1528,27456.768
1529,26975.04
1530,28224.29
1531,25597.463
1532,27352.889
1533,27469.064
1534,28639.955
1535,27806.758
1536,29635.494
1537,23979.281
1538,26946.826
1539,28497.264
1540,27953.354
1541,27894.5
1542,29982.703
1543,22312.191
1544,25326.3
1545,27708.094
1546,24645.686
1547,26667.365
1548,26510.799
1549,27936.578
1550,30002.912
1551,26438.504
1552,27390.607
1553,27202.64
1554,28211.686
1555,26126.23
1556,23550.238
1557,29360.535
1558,25773.283
1559,26389.943
1560,27579.908
1561,26452.336
1562,29681.873
1563,25679.545
1564,28187.893
1565,28313.574
1566,24386.016
1567,26947.28
1568,27600.908
1569,28074.104
1570,26798.39
1571,26233.52
1572,24779.8
1573,28007.744
1574,25231.234
1575,27269.152
1576,25864.596
1577,28090.145
1578,26432.46
1579,27229.73
1580,27047.502
1581,25688.607
1582,27601.31
1583,27520.957
1584,27420.934
1585,23344.799
1586,25959.186
1587,28814.037
1588,28365.441
1589,29176.578
1590,24990.617
1591,24191.111
1592,27765.074
1593,26106.297
1594,27198.305
1595,23941.395
1596,27359.658
1597,28307.482
1598,24529.387
1599,29186.33
1600,28171.197
1601,25373.533
1602,24347.37
1603,24515.787
1604,26970.553
1605,28124.959
1606,28176.21
1607,24597.623
1608,24319.842
1609,28186.06
1610,22821.617
1611,24643.32
1612,29467.85
1613,27461.168
1614,27650.676
1615,25602.92
1616,28711.012
1617,28680.758
1618,29236.664
1619,24451.277
1620,30425.012
1621,25720.406
1622,25508.79
1623,21467.332
1624,25263.701
1625,27895.861
1626,25748.703
1627,27337.295
1628,24767.086
1629,26523.068
1630,26993.377
1631,26127.18
1632,27063.316
1633,25735.67
1634,26287.092
1635,26255.96
1636,25823.117
1637,30705.35
1638,25615.97
1639,27047.072
1640,24152.379
1641,23130.348
1642,25888.322
1643,25311.777
1644,29947.525
1645,27627.854
1646,27929.072
1647,27435.078
1648,25761.584
1649,27982.43
1650,26548.37
1651,27168.9
1652,26588.102
1653,29387.777
1654,28607.21
1655,27150.96
1656,27064.006
1657,25163.494
1658,26261.88
1659,27603.514
1660,27373.877
1661,27419.643
1662,26269.809
1663,25505.94
1664,24248.53
1665,25580.867
1666,24879.902
1667,26242.824
1668,25678.604
1669,26122.303
1670,28954.77
1671,30179.844
1672,27892.379
1673,25263.1
1674,28507.479
1675,23897.916
1676,27511.385
1677,31065.45
1678,25251.766
1679,29177.654
1680,24912.99
1681,29750.773
1682,27441.994
1683,24079.453
1684,25214.771
1685,27201.633
1686,26879.72
1687,26264.227
1688,26783.775
1689,26363.385
1690,27840.979
1691,25115.344
1692,27297.592
1693,26205.574
1694,27381.56
1695,21815.316
1696,25185.35
1697,29328.396
1698,31019.188
1699,26178.164
1700,31801.912
1701,28085.215
1702,31243.89
1703,23622.717
1704,27628.402
1705,24423.762
1706,27380.506
1707,23443.025
1708,27795.283
1709,25487.793
1710,26745.662
1711,28395.941
1712,27486.602
1713,29220.594
1714,25103.64
1715,26164.592
1716,27200.113
1717,25945.812
1718,24163.719
1719,26266.598
1720,27582.143
1721,29024.967
1722,26017.838
1723,28357.57
1724,26484.598
1725,28358.383
1726,27141.57
1727,25967.004
1728,23993.297
1729,26640.697
1730,27125.29
1731,27097.498
1732,25885.844
1733,28605.922
1734,27128.984
1735,27782.012
1736,25311.873
1737,25545.828
1738,24849.629
1739,27389.615
1740,28267.86
1741,23570.418
1742,26452.738
1743,28379.318
1744,25765.1
1745,30138.523
1746,29652.059
1747,20708.31
1748,28813.879
1749,26266.576
1750,27521.936
1751,27585.564
1752,29545.875
1753,26228.04
1754,29883.055
1755,21158.232
1756,25078.793
1757,26549.756
1758,24375.766
1759,24654.455
1760,26188.227
1761,25944.146
1762,30941.342
1763,27785.447
1764,24573.855
1765,27016.756
1766,26954.088
1767,28527.21
1768,26124.025
1769,27563.635
1770,24932.361
1771,26654.99
1772,29821.61
1773,26650.033
1774,26940.355
1775,28705.81
1776,25995.676
1777,27024.719
1778,24865.9
1779,26161.4
1780,25529.291
1781,31231.084
1782,28552.104
1783,29952.633
1784,26520.344
1785,29015.203
1786,25123.133
1787,27654.322
1788,26146.754
1789,27801.912
1790,24402.424
1791,28571.559
1792,29421.383
1793,28093.035
1794,30995.19
1795,28573.656
1796,25397.328
1797,28636.275
1798,29859.393
1799,25985.22
1800,26758.848
1801,23983.176
1802,29257.906
1803,26904.303
1804,27983.91
1805,27675.965
1806,27718.787
1807,24768.98
1808,25187.52
1809,26009.494
1810,26634.355
1811,26775.701
1812,27842.44
1813,26235.479
1814,30410.188
1815,28739.135
1816,27196.633
1817,28382.697
1818,31057.559
1819,29314.39
1820,27217.209
1821,27794.463
1822,28404.812
1823,27942.45
1824,26379.594
1825,24889.385
1826,27034.885
1827,29685.576
1828,23386.441
1829,30696.121
1830,24640.006
1831,31078.37
1832,29120.564
1833,27188.793
1834,23522.855
1835,26410.072
1836,27193.55
1837,28740.4
1838,26231.145
1839,29945.17
1840,26892.36
1841,27840.012
1842,25807.082
1843,26669.197
1844,26569.94
1845,28272.193
1846,23308.982
1847,27509.887
1848,26019.754
1849,28495.55
1850,27626.096
1851,26955.05
1852,25372.047
1853,24415.256
1854,25147.32
1855,23220.342
1856,29056.361
1857,26801.373
1858,29649.912
1859,25146.582
1860,25668.814
1861,24569.729
1862,25953.863
1863,24652.21
1864,27354.494
1865,24872.785
1866,26902.705
1867,27653.143
1868,25934.537
1869,29271.537
1870,27755.26
1871,27930.482
1872,24833.607
1873,27808.734
1874,28436.514
1875,27573.164
1876,26270.547
1877,29511.393
1878,27472.432
1879,25500.98
1880,31717.008
1881,26595.898
1882,26322.576
1883,27788.1
1884,29403.438
1885,26237.125
1886,24620.936
1887,25716.75
1888,28076.303
1889,25121.385
1890,29436.041
1891,30087.082
1892,29275.783
1893,26566.174
1894,26732.246
1895,23045.863
1896,26457.281
1897,27679.482
1898,25399.77
1899,26544.047
1900,25793.678
1901,26736.65
1902,24319.604
1903,25859.094
1904,27114.262
1905,26768.262
1906,30968.77
1907,22714.117
1908,21735.469
1909,23356.697
1910,24016.908
1911,26295.486
1912,28900.469
1913,27292.31
1914,29676.885
1915,27146.771
1916,27149.209
1917,27420.635
1918,25352.217
1919,25635.998
1920,24545.21
1921,27927.262
1922,27737.668
1923,27049.264
1924,27379.91
1925,27779.75
1926,25316.963
1927,27519.617
1928,28581.902
1929,25666.744
1930,28096.2
1931,23602.592
1932,27394.783
1933,24710.191
1934,27251.041
1935,31268.465
1936,26137.865
1937,27753.652
1938,27305.768
1939,26294.518
1940,24556.834
1941,24983.31
1942,21490.988
1943,23920.332
1944,25311.504
1945,28204.582
1946,27111.436
1947,26630.709
1948,24262.955
1949,26420.865
1950,27478.496
1951,28758.002
1952,29139.393
1953,29038.547
1954,27809.707
1955,25156.18
1956,26479.896
1957,30004.23
1958,27283.184
1959,25174.143
1960,26572.967
1961,27980.344
1962,29587.777
1963,28987.943
1964,23128.545
1965,25845.486
1966,28114.836
1967,28548.076
1968,26979.143
1969,27204.258
1970,27660.81
1971,25517.838
1972,27568.236
1973,24133.854
1974,29242.95
1975,27678.254
1976,28009.506
1977,26470.271
1978,20598.803
1979,28877.639
1980,30242.203
1981,31391.012
1982,27615.342
1983,24001.395
1984,25573.354
1985,27639.326
1986,31615.57
1987,27270.592
1988,25362.58
1989,27820.658
1990,27146.9
1991,28605.445
1992,28709.453
1993,27447.508
1994,25956.6
1995,26024.576
1996,26359.63
1997,25490.703
1998,26514.244
1999,23937.754
2000,15852.205
2001,10625.419
2002,13181.543
2003,14393.684
2004,14431.611
2005,14856.948
2006,13864.476
2007,14218.215
2008,12918.072
2009,14734.259
2010,14941.415
2011,16195.453
2012,13914.784
2013,13757.282
2014,13801.846
2015,14945.748
2016,15259.209
2017,13494.497
2018,15586.524
2019,12915.74
2020,13589.409
2021,16851.543
2022,15395.557
2023,13877.43
2024,14914.369
2025,16206.569
2026,17553.08
2027,14495.572
2028,14675.42
2029,15614.207
2030,14918.274
2031,14860.963
2032,14653.434
2033,15393.557
2034,14350.753
2035,15675.245
2036,16693.87
2037,14838.54
2038,16179.624
2039,15758.963
2040,15589.438
2041,16628.383
2042,15434.845
2043,15730.398
2044,16396.22
2045,13271.726
2046,17014.951
2047,17008.604
2048,12375.572
2049,14101.314
2050,15189.978
2051,14035.251
2052,16126.082
2053,17886.867
2054,17287.814
2055,15304.374
2056,16549.686
2057,15482.244
2058,16619.002
2059,16449.488
2060,14487.816
2061,16484.35
2062,16035.056
2063,13331.037
2064,15691.792
2065,17632.623
2066,15969.34
2067,14794.419
2068,17599.76
2069,17034.566
2070,15762.957
2071,15678.662
2072,14208.868
2073,15758.965
2074,13866.109
2075,16671.49
2076,16512.283
2077,14377.514
2078,18426.05
2079,19100.348
2080,16662.785
2081,19325.559
2082,15266.961
2083,17273.14
2084,13612.431
2085,19596.832
2086,15053.605
2087,18252.266
2088,16101.95
2089,18375.068
2090,16702.303
2091,16691.287
2092,16187.868
2093,16763.787
2094,15976.246
2095,15004.3
2096,18139.008
2097,14830.503
2098,18654.033
2099,16931.426
2100,17184.7
2101,17735.164
2102,17603.361
2103,19016.469
2104,17049.627
2105,16305.24
2106,13744.266
2107,15356.725
2108,16533.277
2109,15726.221
2110,15824.934
2111,16240.005
2112,15510.551
2113,18849.955
2114,17731.768
2115,18284.37
2116,20248.666
2117,15023.284
2118,19764.521
2119,15190.838
2120,13638.65
2121,17824.322
2122,15784.718
2123,17165.912
2124,19337.367
2125,15550.137
2126,18785.41
2127,18017.338
2128,17780.03
2129,17458.295
2130,18763.492
2131,15873.657
2132,14229.748
2133,15889.561
2134,19139.145
2135,15732.792
2136,18001.553
2137,15637.556
2138,16722.125
2139,15345.808
2140,20197.258
2141,18544.035
2142,19812.623
2143,19810.3
2144,16645.996
2145,18120.637
2146,17361.018
2147,15454.932
2148,17039.324
2149,18321.48
2150,17019.57
2151,14823.897
2152,16721.266
2153,17368.639
2154,17719.463
2155,13491.473
2156,16609.574
2157,16434.592
2158,19637.438
2159,15968.817
2160,17344.754
2161,15412.602
2162,15552.567
2163,19338.125
2164,16389.293
2165,17298.723
2166,17665.807
2167,16476.809
2168,18585.598
2169,13761.297
2170,16078.536
2171,16167.856
2172,18936.871
2173,19723.049
2174,18147.676
2175,16717.832
2176,17289.252
2177,17647.236
2178,17675.707
2179,14799.443
2180,16416.39
2181,17888.771
2182,15307.895
2183,13747.667
2184,14935.435
2185,14565.74
2186,18429.256
2187,15118.064
2188,17779.129
2189,19382.508
2190,17389.783
2191,17381.01
2192,20297.201
2193,16617.361
2194,16811.469
2195,17535.48
2196,16980.047
2197,13111.398
2198,14713.4
2199,18406.379
2200,15490.256
2201,17980.832
2202,17057.87
2203,17418.043
2204,17488.234
2205,14734.185
2206,17015.033
2207,17521.045
2208,14130.408
2209,18485.205
2210,17129.803
2211,16749.479
2212,15531.48
2213,20229.57
2214,18478.861
2215,18188.38
2216,15466.959
2217,16931.271
2218,15430.314
2219,15802.954
2220,14790.833
2221,16470.826
2222,18370.705
2223,17788.604
2224,16845.254
2225,19426.91
2226,17764.752
2227,15499.98
2228,17560.643
2229,15571.03
2230,19079.297
2231,18387.469
2232,15262.287
2233,18643.123
2234,16028.568
2235,16967.371
2236,16189.082
2237,18678.4
2238,17779.969
2239,16950.002
2240,16902.979
2241,18976.162
2242,19455.412
2243,15862.343
2244,19791.75
2245,18201.457
2246,14850.746
2247,18823.768
2248,19444.217
2249,19361.365
2250,17767.656
2251,17510.54
2252,16811.303
2253,18276.203
2254,18271.107
2255,19576.684
2256,17134.207
2257,15860.185
2258,15883.998
2259,16369.167
2260,15886.403
2261,21847.66
2262,20094.01
2263,19618.125
2264,19706.213
2265,18290.52
2266,18914.348
2267,17376.516
2268,20098.623
2269,15358.025
2270,17434.047
2271,14213.785
2272,19198.541
2273,17631.62
2274,17833.395
2275,17245.445
2276,18108.545
2277,18144.23
2278,19653.334
2279,20209.451
2280,17846.03
2281,19217.441
2282,17354.258
2283,17596.615
2284,16808.361
2285,20512.055
2286,16989.936
2287,15378.666
2288,16689.969
2289,20905.26
2290,16186.717
2291,17071.748
2292,18400.816
2293,18155.814
2294,17362.94
2295,17145.674
2296,17290.195
2297,19087.838
2298,20788.994
2299,17419.498
2300,17408.26
2301,14125.153
2302,20985.484
2303,19748.055
2304,16502.213
2305,14934.427
2306,18989.354
2307,18314.787
2308,20317.068
2309,19846.355
2310,18392.361
2311,16499.578
2312,17131.414
2313,16821.334
2314,16149.854
2315,19391.777
2316,19606.877
2317,15091.394
2318,17115.727
2319,17783.629
2320,19830.83
2321,15567.394
2322,20102.924
2323,18454.238
2324,20937.953
2325,17542.562
2326,16285.493
2327,16709.469
2328,18359.787
2329,17421.7
2330,19207.123
2331,17282.352
2332,20559.375
2333,15245.531
2334,18099.348
2335,18046.158
2336,19624.713
2337,19506.76
2338,17802.172
2339,20619.127
2340,20289.629
2341,18080.846
2342,21330.787
2343,16985.098
2344,16222.579
2345,18675.955
2346,15447.952
2347,19931.418
2348,18412.28
2349,18215.367
2350,20999.033
2351,18231.914
2352,18444.52
2353,17758.102
2354,19255.668
2355,16407.336
2356,15308.737
2357,16753.873
2358,19230.934
2359,21051.012
2360,17660.256
2361,16242.296
2362,21467.867
2363,18704.334
2364,17082.066
2365,19605.283
2366,20952.035
2367,20461.238
2368,19269.76
2369,19607.299
2370,18794.236
2371,20540.59
2372,18119.455
2373,17662.06
2374,20165.236
2375,22584.21
2376,17308.691
2377,18346.389
2378,18936.912
2379,17779.316
2380,19797.438
2381,19023.307
2382,15024.161
2383,18130.7
2384,19581.297
2385,17891.285
2386,16144.031
2387,17654.129
2388,21353.85
2389,20806.025
2390,20326.719
2391,16918.762
2392,18339.803
2393,20449.945
2394,20840.316
2395,16169.523
2396,17367.947
2397,18226.65
2398,17833.477
2399,18594.41
2400,17827.32
2401,17498.793
2402,18981.611
2403,20348.32
2404,20456.424
2405,18179.4
2406,17683.438
2407,21216.016
2408,20773.752
2409,20223.27
2410,18462.389
2411,20770.117
2412,17263.357
2413,15892.075
2414,17574.736
2415,18560.629
2416,19377.543
2417,19456.004
2418,21530.908
2419,21222.71
2420,19430.918
2421,15250.719
2422,20674.057
2423,18926.988
2424,22002.797
2425,16519.775
2426,18096.988
2427,18087.91
2428,20176.668
2429,19442.758
2430,20749.055
2431,18890.336
2432,20174.895
2433,17616.582
2434,17643.594
2435,18985.67
2436,16534.756
2437,19696.332
2438,21917.26
2439,20306.193
2440,18420.79
2441,18511.143
2442,17958.44
2443,19836.19
2444,18166.299
2445,19136.64
2446,20148.715
2447,18776.816
2448,15364.19
2449,17999.277
2450,16788.008
2451,21264.293
2452,21812.342
2453,20084.607
2454,17075.34
2455,20252.545
2456,19477.854
2457,19275.297
2458,22620.148
2459,19220.816
2460,18163.098
2461,20078.12
2462,18363.582
2463,16161.958
2464,18349.186
2465,19896.672
2466,16950.605
2467,19320.15
2468,17954.164
2469,21515.764
2470,16912.56
2471,16707.557
2472,19557.225
2473,17149.334
2474,20036.266
2475,21287.035
2476,18839.385
2477,19233.35
2478,18215.055
2479,17324.42
2480,17290.613
2481,18064.42
2482,19967.307
2483,18534.715
2484,23048.91
2485,21097.895
2486,19958.395
2487,21115.066
2488,18336.627
2489,20512.234
2490,21728.918
2491,20334.295
2492,19395.861
2493,19667.094
2494,17879.98
2495,22462.12
2496,15363.917
2497,17625.586
2498,20120.514
2499,18237.5
2500,21369.693
2501,18092.89
2502,21115.01
2503,16288.918
2504,21101.125
2505,18226.834
2506,17433.832
2507,19295.906
2508,18541.104
2509,17896.502
2510,17716.334
2511,21869.637
2512,20233.371
2513,19918.521
2514,19544.432
2515,21091.754
2516,21616.107
2517,20082.305
2518,18892.984
2519,17685.807
2520,20034.387
2521,20412.781
2522,19676.537
2523,19346.07
2524,21632.236
2525,18147.285
2526,18290.293
2527,16987.135
2528,19082.492
2529,20250.236
2530,18707.875
2531,17672.8
2532,21418.773
2533,20967.256
2534,17378.43
2535,20941.596
2536,20154.129
2537,19219.23
2538,16991.535
2539,15266.218
2540,21783.38
2541,21764.332
2542,21563.27
2543,22265.635
2544,19256.06
2545,22278.299
2546,20037.014
2547,15994.239
2548,21004.145
2549,18612.879
2550,17237.691
2551,20794.87
2552,18256.53
2553,21380.953
2554,21083.611
2555,20964.754
2556,20870.162
2557,17442.35
2558,17907.373
2559,20682.41
2560,21288.422
2561,18502.086
2562,20587.271
2563,17956.293
2564,20684.354
2565,17422.695
2566,21263.615
2567,23061.986
2568,22969.498
2569,18002.074
2570,17237.945
2571,24492.465
2572,17677.393
2573,17868.467
2574,21453.523
2575,20000.072
2576,18161.57
2577,19971.916
2578,17332.898
2579,18683.627
2580,20498.94
2581,19935.4
2582,21946.447
2583,19248.764
2584,20561.09
2585,15230.919
2586,20689.195
2587,18636.113
2588,20750.021
2589,20886.8
2590,19408.31
2591,18840.623
2592,19648.49
2593,24301.781
2594,18244.363
2595,18311.1
2596,22969.05
2597,19685.746
2598,20389.568
2599,20147.615
2600,17665.484
2601,19910.516
2602,21819.477
2603,20031.912
2604,18948.355
2605,20728.088
2606,19980.602
2607,17935.469
2608,23522.373
2609,20712.463
2610,19723.86
2611,22385.418
2612,23201.814
2613,20137.828
2614,17257.047
2615,22246.617
2616,17764.262
2617,18866.086
2618,17698.373
2619,17835.14
2620,20105.836
2621,18289.66
2622,17108.006
2623,19613.111
2624,20820.477
2625,17226.104
2626,19020.07
2627,16497.564
2628,18905.229
2629,19145.715
2630,19213.871
2631,19371.928
2632,18852.38
2633,16512.307
2634,19859.445
2635,24540.092
2636,23052.633
2637,19680.922
2638,19442.312
2639,20499.316
2640,17780.828
2641,17735.416
2642,21763.703
2643,21614.098
2644,20997.52
2645,17816.846
2646,20697.477
2647,21959.406
2648,17868.613
2649,23279.152
2650,16386.654
2651,21563.924
2652,21239.957
2653,18737.902
2654,23085.43
2655,21211.852
2656,15650.355
2657,19779.816
2658,19538.496
2659,20828.725
2660,20577
2661,20928.24
2662,16962.305
2663,20584.793
2664,18747.195
2665,19080.373
2666,19940.172
2667,16877.879
2668,18773.883
2669,18277.643
2670,15371.585
2671,19559.066
2672,18649.785
2673,19065.885
2674,21497.377
2675,19514.793
2676,18108.69
2677,20151.715
2678,20100.666
2679,21114.758
2680,17605.213
2681,19053.732
2682,17208.352
2683,20767.156
2684,17649.318
2685,20976.58
2686,20621.8
2687,19028.754
2688,18200.219
2689,20628.896
2690,17574.023
2691,19324.041
2692,20631.828
2693,20989
2694,18581.58
2695,17119.336
2696,19098.648
2697,20793.064
2698,19572.979
2699,19128.385
2700,18454.852
2701,20491
2702,17384.002
2703,18301.111
2704,20761.084
2705,17756.006
2706,21276.223
2707,17993.875
2708,18514.844
2709,19497.215
2710,21888.836
2711,19979.43
2712,18481.477
2713,25011.703
2714,19808.238
2715,23817.846
2716,18625.908
2717,22893.49
2718,19613.852
2719,16185.223
2720,18662.188
2721,19623.418
2722,21288.59
2723,17483.148
2724,20887.457
2725,21297.125
2726,18955.139
2727,20163.785
2728,19055.605
2729,18856.238
2730,19071.906
2731,18828.93
2732,19985.238
2733,18265.305
2734,20369.01
2735,18645.635
2736,20326.035
2737,18593.14
2738,19152.3
2739,18115.562
2740,23149.06
2741,18481.848
2742,20807.098
2743,17805.078
2744,20672.215
2745,15837.903
2746,19765.902
2747,17741.986
2748,18473.588
2749,18519.693
2750,17232.9
2751,20615.258
2752,19932.01
2753,17802.486
2754,18312.63
2755,24440.605
2756,20696.182
2757,20382.084
2758,22260.25
2759,21463.785
2760,18005.438
2761,22056.578
2762,20024.31
2763,19934.428
2764,20286.842
2765,17724.805
2766,21618.033
2767,17754.184
2768,23204.324
2769,17838.531
2770,17378.031
2771,20289.46
2772,20213.547
2773,19663.74
2774,23284.19
2775,18491.824
2776,18213.252
2777,21795.406
2778,18747.752
2779,19515.717
2780,21325.094
2781,20169.305
2782,22857.691
2783,18409.287
2784,20448.648
2785,19390.373
2786,22547.95
2787,21835.607
2788,20070.71
2789,23034.42
2790,20646.596
2791,23358.447
2792,21398.992
2793,19799.518
2794,19293.096
2795,22449.57
2796,23319.816
2797,21387.182
2798,20208.883
2799,21341.848
2800,21493.262
2801,21515.867
2802,23550.113
2803,18588.188
2804,20979.572
2805,20387.639
2806,20164.252
2807,20961.408
2808,20444.365
2809,20358.59
2810,20835.969
2811,20316.984
2812,22072.047
2813,19708.9
2814,20871.793
2815,20992.596
2816,20102.75
2817,18683.086
2818,22396.072
2819,24293.232
2820,19170.625
2821,22657.357
2822,17056.719
2823,20232.742
2824,21439.848
2825,19693.336
2826,23173.04
2827,20607.03
2828,22075.467
2829,21768.607
2830,19076.504
2831,18293.459
2832,22517.412
2833,17958.273
2834,19997.154
2835,19806.574
2836,20205.174
2837,21609.932
2838,19126.92
2839,22261.158
2840,22218.27
2841,21030.305
2842,18657.986
2843,18949.484
2844,22547.918
2845,16410.375
2846,19076.05
2847,20842.902
2848,21607.049
2849,19705.04
2850,17286.17
2851,28001.37
2852,20691.35
2853,22323.332
2854,19534.648
2855,22051.303
2856,19415.775
2857,19414.652
2858,19798.05
2859,20189.715
2860,19280.918
2861,18193.309
2862,21445.576
2863,22648.004
2864,19714.756
2865,22235.023
2866,21921.217
2867,18514.385
2868,18129.836
2869,20857.05
2870,20683.57
2871,16408.926
2872,17631.15
2873,22063.129
2874,19320.348
2875,18735.316
2876,22047.363
2877,19833.688
2878,21531.768
2879,19023.668
2880,20243.268
2881,22364.223
2882,19085.23
2883,23066.299
2884,20700.03
2885,21502.275
2886,21535.54
2887,16588.37
2888,21478.68
2889,20226.467
2890,20173.402
2891,16839.594
2892,20075.104
2893,21495.748
2894,20626.414
2895,17081.867
2896,22754.174
2897,21349.232
2898,23171.143
2899,21722.832
2900,20344.234
2901,22528.84
2902,23927.7
2903,19158.77
2904,18655.352
2905,20596.639
2906,17062.47
2907,22565.965
2908,18932.965
2909,16989.86
2910,19114.666
2911,23633.773
2912,19868.787
2913,19674.809
2914,26493.682
2915,17721.613
2916,20590.537
2917,15257.95
2918,23238.45
2919,22094.02
2920,16589.176
2921,23471.49
2922,19038.908
2923,20235.457
2924,18873.725
2925,17944.895
2926,17339.234
2927,22125.088
2928,20643.922
2929,17424.217
2930,19658.332
2931,24266.871
2932,22209.094
2933,20644.203
2934,22268.809
2935,21197.123
2936,22244.49
2937,21540.896
2938,18818.473
2939,18475.73
2940,22201.977
2941,20704.988
2942,16298.927
2943,21580.44
2944,20167.72
2945,20387.75
2946,22574.66
2947,21056.223
2948,18794.688
2949,21254.67
2950,24069.387
2951,17569.049
2952,19859.42
2953,18238.457
2954,22398.162
2955,24891.92
2956,22750.086
2957,19436.684
2958,20074.908
2959,18598.9
2960,22816.438
2961,17867.818
2962,20839.35
2963,23051.568
2964,22558.63
2965,21605.969
2966,21375.639
2967,22301.043
2968,23120.803
2969,22122.234
2970,18361.53
2971,18786.871
2972,20762.543
2973,20578.16
2974,17920.166
2975,24652.547
2976,21505.885
2977,19554.52
2978,17862.31
2979,22884.727
2980,24171.936
2981,21911.82
2982,21051.135
2983,20615.42
2984,21901.246
2985,20567.545
2986,21002.92
2987,20091.533
2988,20377.662
2989,18679.293
2990,21950.734
2991,22842.836
2992,18121.748
2993,20000.047
2994,24292.402
2995,26350.852
2996,18262.592
2997,21754.668
2998,21170.648
2999,23070.006
3000,6784.5938
3001,7726.082
3002,6783.8477
3003,7456.2266
3004,6289.249
3005,6759.299
3006,7573.554
3007,8210.116
3008,8280.777
3009,8437.278
3010,7025.871
3011,8481.569
3012,7942.613
3013,7268.501
3014,7308.8916
3015,7097.3306
3016,7949.7715
3017,8400.029
3018,7126.5005
3019,7719.335
3020,7210.8174
3021,8563.572
3022,7752.2607
3023,8359.312
3024,9635.189
3025,7681.259
3026,6573.0557
3027,8508.163
3028,7318.3174
3029,7833.7847
3030,8110.699
3031,8091.458
3032,7965.494
3033,8243.706
3034,9206
3035,8424.761
3036,9170.075
3037,7721.5747
3038,9759.51
3039,8143.023
3040,7846.673
3041,9331.711
3042,9974.494
3043,9141.506
3044,8939.381
3045,9003.778
3046,10266.936
3047,9411.804
3048,9744.382
3049,8914.999
3050,8653.853
3051,10942.085
3052,8796.157
3053,8154.544
3054,9579.138
3055,8973.991
3056,8092.5312
3057,9833.477
3058,10060.418
3059,9030.77
3060,8972.283
3061,8805.995
3062,8310.347
3063,9811.355
3064,9392.585
3065,9692.941
3066,9279.703
3067,9740.511
3068,9871.37
3069,8616.32
3070,9511.275
3071,8012.3003
3072,9350.301
3073,9415.931
3074,8883.014
3075,12219.404
3076,10289.385
3077,10042.075
3078,9646.894
3079,9740.777
3080,10311.848
3081,10792.07
3082,11271.56
3083,9418.421
3084,10841.851
3085,10486.0205
3086,10535.695
3087,10602.942
3088,9266.281
3089,10080.784
3090,10388.88
3091,9708.01
3092,9515.289
3093,10284.337
3094,9066.825
3095,10796.713
3096,13288.24
3097,9098.697
3098,10126.103
3099,10874.836
3100,10337.811
3101,9579.589
3102,9966.724
3103,10915.011
3104,8651.155
3105,11369.22
3106,12022.889
3107,11606.429
3108,10381.851
3109,11010.282
3110,9960.276
3111,9789.887
3112,9095.658
3113,10406.914
3114,11992.887
3115,11430.328
3116,9625.513
3117,9799.162
3118,10785.667
3119,9362.115
3120,10186.881
3121,11296.672
3122,8392.351
3123,10740.9
3124,9787.456
3125,11616.883
3126,10658.225
3127,11442.227
3128,11815.035
3129,8576.847
3130,11730.147
3131,9692.231
3132,11062.007
3133,9329.319
3134,10179.632
3135,11563.476
3136,9464.578
3137,11772.553
3138,12053.197
3139,13205.834
3140,10753.902
3141,11881.2
3142,12049.342
3143,10782.076
3144,11142.367
3145,11033.589
3146,9460.617
3147,11875.707
3148,12267.649
3149,12560.828
3150,10202.228
3151,9921.688
3152,10942.347
3153,9145.141
3154,11241.231
3155,11424.156
3156,14319.636
3157,10407.367
3158,9586.428
3159,10523.139
3160,14157.663
3161,13000.575
3162,11988.27
3163,11307.615
3164,10729.293
3165,11085.829
3166,10484.28
3167,11949.28
3168,11991.881
3169,10446.0625
3170,12199.564
3171,11991.028
3172,11669.47
3173,14235.582
3174,12534.787
3175,12013.882
3176,11853.5625
3177,10862.611
3178,13824.323
3179,12543.249
3180,11223.771
3181,10524.1045
3182,13687.517
3183,10774.29
3184,9253.505
3185,12297.872
3186,11321.236
3187,8828.24
3188,11096.782
3189,10442.502
3190,13067.307
3191,10975.351
3192,10379.632
3193,13129.42
3194,12080.063
3195,13158.507
3196,10670.665
3197,12474.66
3198,12007.801
3199,12116.02
3200,9661.34
3201,11326.396
3202,14437.998
3203,10942.231
3204,11648.48
3205,13345.232
3206,11557.508
3207,10071.87
3208,10335.779
3209,13707.184
3210,13446.689
3211,11499.8955
3212,13523.577
3213,14061.435
3214,10699.318
3215,13312.869
3216,12147.577
3217,12371.576
3218,11342.568
3219,11740.769
3220,12311.578
3221,11349.269
3222,14005.9
3223,12785.547
3224,12673.597
3225,11793.694
3226,12317.547
3227,13757.36
3228,13670.852
3229,12567.752
3230,13958.625
3231,11746.505
3232,12509.982
3233,14362.419
3234,11458.339
3235,11930.1875
3236,11919.215
3237,12018.458
3238,11443.807
3239,11625.909
3240,11635.927
3241,12868.168
3242,12596.498
3243,11538.773
3244,10948.184
3245,11864.756
3246,11886.512
3247,14331.636
3248,13334.944
3249,13135.412
3250,14762.643
3251,13617.09
3252,15557.368
3253,13928.488
3254,11985.969
3255,13265.986
3256,12900.133
3257,11831.237
3258,11718.792
3259,14671.996
3260,12321.042
3261,13161.043
3262,13514.232
3263,12199.714
3264,12247.063
3265,10056.163
3266,12699.493
3267,12835.174
3268,14431.84
3269,13840.272
3270,11989.225
3271,12536.083
3272,10414.115
3273,14645.0625
3274,11491.2705
3275,13119.179
3276,14029.219
3277,13276.1
3278,14983.436
3279,15412.678
3280,15370.825
3281,13991.653
3282,11119.579
3283,10751.698
3284,13148.207
3285,13792.742
3286,12703.457
3287,13532.8955
3288,11140.487
3289,15571.374
3290,14850.523
3291,13789.033
3292,14162.063
3293,14071.411
3294,17209.805
3295,13878.56
3296,15294.044
3297,14806.069
3298,12523.089
3299,14561.928
3300,13883.8125
3301,13607.902
3302,12549.057
3303,15809.312
3304,15474.403
3305,14332.529
3306,12914.603
3307,11760.325
3308,14182.866
3309,15486.745
3310,14935.617
3311,14022.101
3312,15575.269
3313,14831.768
3314,16829.967
3315,13686.522
3316,14946.159
3317,14515.67
3318,15424.291
3319,15575.334
3320,14344.31
3321,16208.2705
3322,13906.312
3323,14302.134
3324,14686.405
3325,13481.33
3326,12099.828
3327,15216.007
3328,15337.292
3329,13332.133
3330,15336.576
3331,14696.243
3332,13917.018
3333,15674.611
3334,14911.764
3335,16096.184
3336,15854.89
3337,14063.712
3338,13693.87
3339,13079.396
3340,14874.125
3341,17426.918
3342,14322.809
3343,14040.004
3344,18019.008
3345,15899.454
3346,12209.854
3347,15109.308
3348,15532.406
3349,16152.511
3350,18059.855
3351,14846.097
3352,13303.629
3353,16857.602
3354,19357.607
3355,16066.008
3356,17761.5
3357,12008.414
3358,12172.754
3359,14382.791
3360,15631.096
3361,12811.176
3362,13043.37
3363,17005.357
3364,13845.601
3365,14291.813
3366,13200.744
3367,15225.251
3368,14971.537
3369,16396.795
3370,16846.062
3371,15493.946
3372,14512.023
3373,18337.168
3374,15306.868
3375,17734.682
3376,15488.869
3377,14446.713
3378,15704.036
3379,17090.258
3380,15061.258
3381,14350.465
3382,16745.205
3383,18702.488
3384,14845.445
3385,16933.934
3386,13415.141
3387,17390.926
3388,16637.33
3389,14005.627
3390,16453.02
3391,17497.922
3392,15655.409
3393,15270.1455
3394,14816.125
3395,17165.402
3396,16374.377
3397,14565.712
3398,15641.846
3399,14574.528
3400,15266.176
3401,15055.945
3402,14266.676
3403,16785.576
3404,18218.156
3405,13226.413
3406,15306.574
3407,16960.213
3408,18960.635
3409,11554.124
3410,15232.853
3411,14386.716
3412,17304.965
3413,16194.544
3414,17320.207
3415,13726.359
3416,14881.5205
3417,13706.357
3418,13728.547
3419,14911.178
3420,15144.647
3421,16191.646
3422,14483.296
3423,16505.852
3424,18404.719
3425,16629.518
3426,12604.935
3427,14781.468
3428,16826.32
3429,15132.944
3430,16477.059
3431,13307.044
3432,12871.825
3433,16027.338
3434,16013.322
3435,16497.21
3436,14779.954
3437,15755.132
3438,15443.383
3439,16490.445
3440,17645.06
3441,14076.872
3442,15566.184
3443,13485.242
3444,14896.146
3445,18199.455
3446,13846.478
3447,15466.956
3448,16337.432
3449,15282.94
3450,19771.664
3451,15505.749
3452,16125.059
3453,16009.62
3454,15052.832
3455,15582.3955
3456,16488.057
3457,15163.941
3458,17972.68
3459,16464.9
3460,15391.852
3461,14588.85
3462,15364.52
3463,13833.269
3464,17417.568
3465,14939.507
3466,15714.739
3467,19563.125
3468,18188.863
3469,17205.88
3470,18054.68
3471,14761.443
3472,16402.303
3473,18435.387
3474,15952.3545
3475,14277.546
3476,15021.456
3477,18121.227
3478,13365.755
3479,15054.85
3480,15243.926
3481,13154.76
3482,17632.34
3483,17182.455
3484,13469.895
3485,14460.35
3486,17330.184
3487,16330.238
3488,17967.389
3489,19179.88
3490,16457.83
3491,17116.922
3492,18170.107
3493,16907.357
3494,18273.08
3495,11346.369
3496,16646.889
3497,17280.264
3498,16741.584
3499,12466.402
3500,17644.117
3501,20541.484
3502,17922.934
3503,18583.29
3504,16397.729
3505,16392.746
3506,17908.111
3507,16154.644
3508,16175.624
3509,17783.752
3510,17129.75
3511,18613.111
3512,17595.227
3513,15789.406
3514,17871.795
3515,18114.75
3516,15390.36
3517,17545.111
3518,17398.135
3519,17805.482
3520,16120.34
3521,17427.52
3522,17555.566
3523,15161.528
3524,18506.834
3525,12557.172
3526,14528.878
3527,18705.727
3528,17158.693
3529,18283.646
3530,20920.523
3531,17066.174
3532,15483.516
3533,17384.672
3534,19699.447
3535,14889.824
3536,16039.122
3537,13561.316
3538,15396.05
3539,15374.66
3540,17672.62
3541,18051.89
3542,17207.674
3543,20485.035
3544,18999.494
3545,13889.075
3546,18908.246
3547,16298.244
3548,17801.4
3549,17529.656
3550,18639.87
3551,21710.672
3552,17550.316
3553,18627.236
3554,16823.53
3555,17701.863
3556,15903.077
3557,18139.75
3558,20689.762
3559,17705.285
3560,12778.528
3561,17718.54
3562,15432.6045
3563,15613.33
3564,18735.828
3565,17100.389
3566,19846.791
3567,19612.895
3568,19778.578
3569,11991.094
3570,18851.02
3571,16511.982
3572,16784.158
3573,15848.149
3574,15097.366
3575,18504.977
3576,16303.398
3577,15451.69
3578,17184.809
3579,16706.951
3580,18922.754
3581,18095.66
3582,15362.87
3583,16557.05
3584,17838.148
3585,18155.102
3586,16424.727
3587,21795.646
3588,18826.51
3589,19450.348
3590,14631.927
3591,19026.705
3592,16979.885
3593,16044.978
3594,20651.072
3595,19915.502
3596,18496.424
3597,22700.781
3598,15010.358
3599,14877.892
3600,17512.139
3601,20438.77
3602,20555.645
3603,15565.509
3604,17409.678
3605,20189.139
3606,17752.312
3607,19131.018
3608,20877.744
3609,19042.746
3610,19680.225
3611,20218.377
3612,20752.002
3613,16741.85
3614,17185.246
3615,14255.261
3616,17228.303
3617,18986.041
3618,17964.8
3619,20182.326
3620,20033.406
3621,19808.611
3622,21155.982
3623,14006.476
3624,18411.19
3625,19085.902
3626,17187.14
3627,17831.557
3628,18281.012
3629,16789.346
3630,18268.014
3631,19588.459
3632,20047.271
3633,19736.248
3634,20044.908
3635,16903.275
3636,17158.738
3637,14512.724
3638,14824.631
3639,17094.064
3640,16600.96
3641,16260.619
3642,16561.85
3643,18122.17
3644,18905.285
3645,18609.93
3646,16839.77
3647,16334.424
3648,15856.569
3649,15703.209
3650,16827.236
3651,16215.779
3652,19205.164
3653,16126.853
3654,21967.625
3655,16577.36
3656,15745.562
3657,18912.21
3658,17738.81
3659,19656.021
3660,18945.586
3661,17035.35
3662,17635.727
3663,16747.777
3664,19482.016
3665,16339.176
3666,17120.27
3667,19689.285
3668,19414.299
3669,15965.505
3670,16072.472
3671,16634.76
3672,20328.785
3673,16260.132
3674,17509.328
3675,14981.471
3676,16227.5
3677,17692.008
3678,19251.354
3679,17620.521
3680,14721.402
3681,17154.209
3682,18675.996
3683,18646.348
3684,19183.166
3685,19135.27
3686,20618.777
3687,19518.947
3688,19111.82
3689,17421.414
3690,16947.72
3691,20188.266
3692,16257.016
3693,14700.472
3694,19156.238
3695,17879.977
3696,17534.793
3697,19283.986
3698,18205.908
3699,16740.467
3700,14746.931
3701,16513.172
3702,20371.13
3703,16410.701
3704,17912.36
3705,19171.18
3706,18647.93
3707,15615.826
3708,16247.753
3709,17218.205
3710,14784.943
3711,17420.371
3712,20259.463
3713,18251.602
3714,20222.22
3715,17130.107
3716,19670.943
3717,16180.427
3718,15869.956
3719,17522.055
3720,16014.982
3721,18070.33
3722,15879.894
3723,19099.873
3724,16013.568
3725,17482.18
3726,16339.514
3727,17413.928
3728,15849.91
3729,21500.588
3730,18913.146
3731,19605.773
3732,14636.894
3733,17883.693
3734,18763.322
3735,19040.43
3736,19543.97
3737,20088.547
3738,17841.27
3739,20241.445
3740,18588.682
3741,18398.62
3742,20230.754
3743,17891.035
3744,18095.746
3745,17686.98
3746,20560.332
3747,16874.344
3748,16534.49
3749,18400.225
3750,19640.092
3751,16107.189
3752,17151.225
3753,18538.547
3754,17630.857
3755,17584.371
3756,19335.17
3757,16818.326
3758,18474.746
3759,19052.016
3760,15550.026
3761,17567.059
3762,17257.363
3763,16817.258
3764,17586.568
3765,20300.303
3766,18709.453
3767,17747.895
3768,18838.936
3769,18154.39
3770,18173.57
3771,19586.918
3772,18908.533
3773,16026.78
3774,16566.322
3775,18938.797
3776,17228.146
3777,19737.758
3778,19857.422
3779,19400.295
3780,16387.46
3781,20907.414
3782,20506.234
3783,17028.234
3784,21112.742
3785,17254.775
3786,18471.918
3787,17275.697
3788,14669.265
3789,20888.758
3790,19067.043
3791,17824.025
3792,21117.084
3793,19360.055
3794,16932.854
3795,19494.543
3796,17706.006
3797,17574.44
3798,18608.244
3799,17137.2
3800,18146.92
3801,19945.543
3802,17424.766
3803,19240.469
3804,17798.633
3805,17696.492
3806,16882.064
3807,19244.66
3808,18841.326
3809,16231.9375
3810,17931.729
3811,17202.137
3812,22565.652
3813,18001.043
3814,17433.145
3815,17422.877
3816,16747.014
3817,19650.574
3818,18979.387
3819,20457.906
3820,19850.654
3821,20086.445
3822,18296.54
3823,22124.514
3824,18920.979
3825,18580.389
3826,21739.143
3827,19167.633
3828,16360.6045
3829,19624.424
3830,18819.168
3831,19453.564
3832,15494.234
3833,20998.764
3834,20325.078
3835,22330.94
3836,18271.75
3837,18367.584
3838,18011.38
3839,17114.146
3840,21950.57
3841,19575.799
3842,17741.113
3843,17720.072
3844,20483.39
3845,18049.05
3846,21250.213
3847,18022.521
3848,18057.447
3849,20956.143
3850,22609.34
3851,18926.02
3852,19370.602
3853,19513.254
3854,17938.041
3855,17024.877
3856,15792.417
3857,20420.635
3858,17777.748
3859,19020.754
3860,16412.94
3861,18826.408
3862,17001.404
3863,18004.42
3864,22749.762
3865,17873.86
3866,18804.64
3867,19496.676
3868,21209.35
3869,22851.297
3870,15906.561
3871,20162.117
3872,19400.32
3873,18352.904
3874,20534.92
3875,18209.383
3876,20975.02
3877,18410.098
3878,14553.824
3879,16024.203
3880,20477.947
3881,18446.22
3882,18927.533
3883,19697.613
3884,24049.223
3885,17584.344
3886,19487.613
3887,19970.764
3888,18798.188
3889,18460.676
3890,20233.08
3891,16135.989
3892,18928.668
3893,18847.98
3894,17332.691
3895,18237.078
3896,20154.354
3897,16819.828
3898,19337.367
3899,18200.676
3900,17786.186
3901,16873.445
3902,17307.725
3903,17973.117
3904,18118.16
3905,16420.77
3906,18448.293
3907,18982.537
3908,22529.656
3909,21052.865
3910,19652.162
3911,19802.543
3912,20382.809
3913,19191.537
3914,19859.576
3915,22157.771
3916,20857.479
3917,19732.426
3918,16599.754
3919,16293.917
3920,17621.229
3921,19400.006
3922,18740.258
3923,21248.615
3924,17627.44
3925,16558.818
3926,21399.398
3927,22181.678
3928,21318.363
3929,19116.908
3930,21909.97
3931,20132.244
3932,22165.389
3933,16986.508
3934,20863.69
3935,17394.385
3936,20464.225
3937,21357.639
3938,18855.572
3939,16416.512
3940,15201.062
3941,18350.883
3942,18049.275
3943,19480.162
3944,20044.889
3945,14826.47
3946,21678.752
3947,18453.213
3948,18003.867
3949,20452.39
3950,19587.514
3951,19269.467
3952,16226.938
3953,16504.771
3954,21066.629
3955,22935.309
3956,19719.084
3957,20117.615
3958,17511.773
3959,17556.297
3960,18993.564
3961,18468.078
3962,17300.58
3963,17990.098
3964,18166.502
3965,21249.861
3966,18981.6
3967,18444.477
3968,21040.041
3969,18960.094
3970,18420.68
3971,19851.725
3972,19655.48
3973,17439.164
3974,18418.81
3975,18458.072
3976,20081.145
3977,17187.27
3978,18001.21
3979,19937.139
3980,20822.7
3981,18049.928
3982,21806.773
3983,21057.98
3984,17612.6
3985,15343.964
3986,19672.902
3987,18736.404
3988,18133.986
3989,17263.814
3990,16804.232
3991,19347.336
3992,19866.064
3993,17392.828
3994,19506.188
3995,19467.756
3996,17230.176
3997,20615.11
3998,20489.701
3999,19659.584
4000,12101.387
4001,11467.341
4002,13551.577
4003,11117.146
4004,11179.389
4005,12163.891
4006,12630.022
4007,11280.756
4008,12619.901
4009,11188.844
4010,12241.924
4011,12915.592
4012,14105.028
4013,13848.729
4014,11719.021
4015,13643.76
4016,12687.014
4017,14198.514
4018,12902.005
4019,13737.983
4020,13859.203
4021,11938.633
4022,13312.402
4023,13136.772
4024,12351.325
4025,11536.75
4026,14879.338
4027,12033.988
4028,13651.07
4029,14692.305
4030,14620.505
4031,14994.572
4032,13911.575
4033,14672.372
4034,14498.049
4035,14243.169
4036,17332.152
4037,14960.144
4038,13586.955
4039,14631.214
4040,14024.161
4041,14928.03
4042,13701.837
4043,14614.758
4044,15202.894
4045,16413.799
4046,17451.242
4047,13881.687
4048,15611.354
4049,13877.105
4050,16431.025
4051,16899.414
4052,17609.385
4053,14899.834
4054,17379.236
4055,17033.363
4056,17423.486
4057,16557.682
4058,14563.315
4059,15851.802
4060,15590.966
4061,15576.054
4062,15625.563
4063,16814.598
4064,15844.224
4065,16620.312
4066,16722.111
4067,15758.62
4068,16048.979
4069,15164.023
4070,17400.521
4071,18164.152
4072,18700.496
4073,15643.521
4074,15096.471
4075,17081.61
4076,18063.816
4077,18556.705
4078,17432.498
4079,18720.568
4080,16319.008
4081,16408.04
4082,18246.098
4083,15859.785
4084,14347.2705
4085,17599.207
4086,17620.07
4087,16972.219
4088,12323.551
4089,16371.52
4090,18649.459
4091,15821.837
4092,14820.363
4093,14542.531
4094,16534
4095,16768.83
4096,18336.688
4097,14369.65
4098,17918.52
4099,16823.941
4100,14910.656
4101,16112.159
4102,15813.94
4103,15737.379
4104,15625.523
4105,14794.033
4106,15280.082
4107,16739.057
4108,16982.463
4109,18360.41
4110,18571.303
4111,16539.482
4112,19063.523
4113,16386.107
4114,19178.584
4115,14721.709
4116,18716.914
4117,18294.64
4118,17033.9
4119,18023.352
4120,15427.831
4121,21680.393
4122,16933.66
4123,17808.57
4124,15879.7
4125,15242.875
4126,17225.12
4127,15853.888
4128,18796.057
4129,16523.252
4130,14166.032
4131,19442.777
4132,18685.701
4133,18684.787
4134,14947.084
4135,17881.592
4136,20184.447
4137,18675.83
4138,19252.328
4139,15919.51
4140,18891.6
4141,20240.736
4142,18552.32
4143,18136.988
4144,14649.186
4145,18427.03
4146,18128.363
4147,18561.047
4148,19182.64
4149,19269.736
4150,20496.154
4151,19551.6
4152,16485.668
4153,16531.01
4154,21073.215
4155,15674.549
4156,17897.877
4157,18369.941
4158,18515.514
4159,19010.326
4160,14483.122
4161,17441.45
4162,18074.223
4163,16964.121
4164,19241.4
4165,17012.807
4166,17938.664
4167,16594.629
4168,18099.22
4169,15612.841
4170,18506.766
4171,20099.27
4172,21786.555
4173,21763.38
4174,17740.256
4175,18037.277
4176,17336.137
4177,22505.686
4178,18906.863
4179,20226.025
4180,20528.195
4181,17495.775
4182,15306.3125
4183,18748.977
4184,19195.414
4185,20767.54
4186,17178.871
4187,18339.662
4188,20295.91
4189,20142.146
4190,16515.025
4191,17588.91
4192,19238.543
4193,19744.621
4194,19125.248
4195,19998.934
4196,22705.508
4197,18515.137
4198,20896.545
4199,19766.125
4200,17418.996
4201,21070.646
4202,17679.924
4203,17809.574
4204,18134.875
4205,18496.207
4206,18639.348
4207,17727.48
4208,17488.578
4209,17450.201
4210,20665.508
4211,19855.246
4212,23494.352
4213,17286.674
4214,19681.385
4215,17455.086
4216,22227.408
4217,18433.064
4218,21500.05
4219,18883.426
4220,19990.02
4221,15627.741
4222,17830.22
4223,19942.654
4224,18579.11
4225,20796.004
4226,17350.355
4227,19645.902
4228,19003.562
4229,18263.51
4230,17127.363
4231,20034.285
4232,17300.414
4233,21493.74
4234,21723.387
4235,17506.533
4236,24121.924
4237,18781.068
4238,17814.844
4239,20721.076
4240,18951.63
4241,19263.986
4242,19240.717
4243,17143.973
4244,14713.648
4245,21432.51
4246,18056.121
4247,19508.12
4248,21342.393
4249,21216.4
4250,19409.404
4251,16505.092
4252,18946.652
4253,18657.09
4254,17440.574
4255,16656.44
4256,22426.074
4257,18228.877
4258,20421.043
4259,18703.816
4260,18937.57
4261,17446.297
4262,20115.469
4263,18517.697
4264,17662.434
4265,19065.025
4266,17708.182
4267,16764.217
4268,19143.67
4269,18906.08
4270,17113.896
4271,18721.432
4272,19666.715
4273,19879.277
4274,21714.123
4275,20324.209
4276,17922.656
4277,18424.99
4278,18248.055
4279,21706.781
4280,15318.698
4281,21798.451
4282,22035.379
4283,19566.273
4284,19501.879
4285,18465.91
4286,18652.033
4287,18036.988
4288,19888.994
4289,21373.3
4290,22360.023
4291,19291.037
4292,17326.883
4293,15405.518
4294,20112.174
4295,22708.44
4296,21479.742
4297,20001.404
4298,17301.406
4299,21028.535
4300,20746.463
4301,17295.844
4302,18588.324
4303,21814.08
4304,21071.5
4305,16344.007
4306,20794.58
4307,17709.314
4308,19911.748
4309,19379.334
4310,21759.383
4311,20206.975
4312,16963.29
4313,16539.176
4314,18577.375
4315,19929.613
4316,19755.543
4317,17006.988
4318,19400.283
4319,14730.699
4320,18376.346
4321,21427.139
4322,20774.705
4323,20162.975
4324,22349.176
4325,22697.578
4326,22395.777
4327,16374.777
4328,18987.188
4329,18036.828
4330,19268.66
4331,18876.621
4332,19766.855
4333,17325.793
4334,18117.54
4335,18157.893
4336,25526.346
4337,19848.564
4338,20112.225
4339,17805.98
4340,23173.191
4341,17111.672
4342,20603.492
4343,19453.926
4344,20464.21
4345,17145.936
4346,17986.236
4347,19819.61
4348,20858.332
4349,19351.389
4350,20312.426
4351,20042.303
4352,21492.906
4353,21386.459
4354,20187.893
4355,22844.66
4356,19943.008
4357,20629.281
4358,24650.232
4359,19681.146
4360,24191.875
4361,19812.422
4362,20133.168
4363,20548.014
4364,23221.38
4365,20587.191
4366,18568.098
4367,21130.244
4368,21362.03
4369,19278.293
4370,17449.834
4371,18969.965
4372,22544.377
4373,22515.967
4374,20787.16
4375,19765.666
4376,20506.258
4377,19548.828
4378,22818.592
4379,22414.816
4380,17673.047
4381,25034.518
4382,24327.896
4383,20602.932
4384,24296.977
4385,21072.596
4386,22863.762
4387,21807.486
4388,22808.646
4389,22218.18
4390,20298.594
4391,22267.47
4392,23919.85
4393,21018.172
4394,19846.307
4395,20662.736
4396,23160.041
4397,23690.629
4398,22462.102
4399,21702.602
4400,20685.426
4401,23522.809
4402,24487.285
4403,22251.64
4404,20297.666
4405,19763.781
4406,19042.45
4407,19967.277
4408,21224.486
4409,18884.99
4410,21671.336
4411,19444.428
4412,23380.32
4413,21590.805
4414,22030.049
4415,21606.441
4416,23988.672
4417,22010.957
4418,19316.83
4419,16484.63
4420,20241.498
4421,21096.393
4422,19109.3
4423,19542.215
4424,18203.193
4425,22044.836
4426,21325.248
4427,22846.691
4428,23970.467
4429,21026.05
4430,19065.197
4431,20248.887
4432,23065.299
4433,22365.355
4434,19371.19
4435,22019.729
4436,19530.76
4437,19259.592
4438,19997.928
4439,25457.146
4440,21662.113
4441,22922.139
4442,19582.717
4443,22061.621
4444,21654.201
4445,21180.629
4446,20243.389
4447,21402.28
4448,17668.627
4449,20638.549
4450,20164.008
4451,20978.549
4452,20586.902
4453,18569.643
4454,24390.541
4455,17823.256
4456,20104.26
4457,21905.227
4458,18102.543
4459,21482.96
4460,24305.863
4461,19903.418
4462,19565.158
4463,24080.828
4464,20920.594
4465,21274.262
4466,21344.629
4467,25221
4468,22444.781
4469,17927.07
4470,18233.078
4471,22117.588
4472,19640.209
4473,26423.479
4474,17388.348
4475,19326.057
4476,20702.934
4477,20471.344
4478,18327.943
4479,21188.252
4480,20226.672
4481,23253.098
4482,22065.824
4483,20933.566
4484,22653.8
4485,19068.598
4486,19554.57
4487,22566.422
4488,21603.928
4489,20182.271
4490,21863.729
4491,24087.445
4492,21595.549
4493,21823.328
4494,20213.307
4495,21162.902
4496,21730.83
4497,24973.55
4498,19244.863
4499,22652.512
4500,18386.867
4501,21758.074
4502,20377.549
4503,21776.477
4504,23031.512
4505,21940.879
4506,21061.354
4507,21057.695
4508,22911.543
4509,20682.652
4510,20298.457
4511,20596.303
4512,21090.473
4513,19987.678
4514,20792.424
4515,21850.678
4516,21466.014
4517,24450.156
4518,23835.9
4519,22489.412
4520,20558.424
4521,16890.85
4522,20426.455
4523,23564.344
4524,18480.783
4525,22463.562
4526,19453.312
4527,21694.97
4528,24394.504
4529,22798.9
4530,21730.596
4531,21303.582
4532,21568.941
4533,24097.531
4534,22970.865
4535,19399.637
4536,23911.734
4537,23318.445
4538,22144.494
4539,16990.734
4540,22128.791
4541,21942.475
4542,20474.395
4543,25320.314
4544,20074.438
4545,19950.2
4546,18680.037
4547,22505.434
4548,25662.729
4549,23410.438
4550,22346.297
4551,23525.58
4552,21440.873
4553,23430.486
4554,26200.225
4555,18222.977
4556,23571.842
4557,21625.152
4558,22996.416
4559,26202.49
4560,21720.412
4561,21343.06
4562,19671.27
4563,21898.83
4564,21056.777
4565,21494.705
4566,20940.547
4567,22706.113
4568,18400.588
4569,22657.895
4570,23373.102
4571,19433.475
4572,24037.592
4573,22454.688
4574,20867.799
4575,25751.527
4576,19805.879
4577,21084.434
4578,20773.377
4579,19928.33
4580,21955.781
4581,19908.24
4582,20217.09
4583,21061.16
4584,21415.316
4585,20040.041
4586,23917.385
4587,21991.814
4588,21469.2
4589,21891.512
4590,21184.963
4591,21171.922
4592,21962.549
4593,22401.965
4594,21007.79
4595,21436.326
4596,24244.707
4597,22049.77
4598,20592.318
4599,19909.264
4600,22710.06
4601,20265.467
4602,23331.41
4603,20162.836
4604,23562.023
4605,24489.645
4606,22643.475
4607,19827.904
4608,25012.527
4609,19206.95
4610,21358.11
4611,20627.229
4612,24493.264
4613,20382.527
4614,21395.254
4615,24346.684
4616,19503.717
4617,22407.146
4618,18128.535
4619,24767.38
4620,22367.043
4621,19813.965
4622,23504.7
4623,22966.99
4624,19625.307
4625,21252.607
4626,22779.656
4627,21093.746
4628,22671.982
4629,21535.44
4630,20184.512
4631,20128.297
4632,23278.879
4633,20198.645
4634,21683.047
4635,20458.658
4636,23013.5
4637,23931.633
4638,23336.668
4639,23696.154
4640,20545.922
4641,22312.953
4642,23433.666
4643,22187.938
4644,22810.807
4645,23037.89
4646,21802.947
4647,21870.877
4648,25316.986
4649,22061.023
4650,23446.533
4651,23478.318
4652,19752.164
4653,19812.455
4654,23000.445
4655,23573.361
4656,21615.16
4657,23578.805
4658,19286.51
4659,22200.373
4660,21948.21
4661,25820.738
4662,20759.219
4663,22529.602
4664,21391.53
4665,21349.928
4666,21627.145
4667,21321.371
4668,21943.955
4669,23348.617
4670,21992.383
4671,22033.246
4672,23958.266
4673,25196.518
4674,21697.254
4675,21533.559
4676,23157.33
4677,23739.316
4678,23829.781
4679,21859.662
4680,20721.21
4681,19853.246
4682,22581.584
4683,20408.186
4684,21168.812
4685,18814.904
4686,18255.826
4687,19510.717
4688,26428.232
4689,23787.545
4690,21188.594
4691,24413.873
4692,19690.895
4693,23632.16
4694,22970.393
4695,21198.3
4696,19767.379
4697,21820.723
4698,19282.047
4699,23682.826
4700,21179.078
4701,22237.514
4702,21541.02
4703,24870.4
4704,24940.988
4705,20183.441
4706,22605.395
4707,22406.217
4708,21849.346
4709,22954.664
4710,24711.545
4711,21965.777
4712,21444.254
4713,21267.627
4714,23087.172
4715,21593.74
4716,20949.584
4717,19387.195
4718,22522.854
4719,21331.83
4720,22162.598
4721,21831.89
4722,20401.746
4723,27685.582
4724,21854.596
4725,18703.355
4726,18894.639
4727,19969.309
4728,19944.799
4729,19777.633
4730,21878.596
4731,23911.875
4732,20661.365
4733,20866.43
4734,17987.943
4735,23182.258
4736,22725.805
4737,20402.578
4738,23374.936
4739,20220.678
4740,19341.07
4741,24650.363
4742,24797.506
4743,21790.652
4744,24806.795
4745,19970.682
4746,18739.75
4747,21046.861
4748,22142.408
4749,23498.83
4750,23290.398
4751,20453.17
4752,19701.1
4753,24009.062
4754,22292.17
4755,25035.678
4756,26028.422
4757,20018.14
4758,25129.965
4759,24859.328
4760,19051.611
4761,19165.793
4762,20422.041
4763,21780.74
4764,20966.387
4765,24259.342
4766,21250.62
4767,22189.541
4768,26440.402
4769,24272.225
4770,17805.121
4771,21761.037
4772,24534.521
4773,24407.004
4774,24462.906
4775,22251.12
4776,20782.322
4777,22509.594
4778,21416.16
4779,23483.385
4780,20564.656
4781,21956.697
4782,23491.379
4783,19669.967
4784,20329.734
4785,24861.598
4786,21482.266
4787,22766.656
4788,19632.059
4789,21807.004
4790,22580.508
4791,22717.238
4792,21531.207
4793,23406.758
4794,25224.824
4795,24276.105
4796,20091.582
4797,25687.414
4798,23026.95
4799,20434.977
4800,22653.09
4801,21445.275
4802,23554.652
4803,19140.322
4804,22331.398
4805,24425.17
4806,19945.432
4807,20116.809
4808,22156.617
4809,24244.172
4810,22870.805
4811,20988.586
4812,20969.031
4813,22917.559
4814,23003.47
4815,22258.77
4816,26595.65
4817,23787.016
4818,24185.578
4819,23725.84
4820,21653.05
4821,20478.605
4822,21859.889
4823,23793.86
4824,24426.248
4825,22194.988
4826,23669.066
4827,18892.902
4828,26052.277
4829,23140.623
4830,22195.92
4831,20097.984
4832,19127.332
4833,23374.55
4834,20924.842
4835,27697.299
4836,22273.893
4837,21777.816
4838,24121.465
4839,23157.807
4840,21538.396
4841,19703.562
4842,19318.025
4843,23033.31
4844,24387.889
4845,22965.312
4846,23191.453
4847,21051.14
4848,21626.13
4849,25893.123
4850,24823.986
4851,19681.748
4852,23977.967
4853,24561.709
4854,23209.668
4855,21677.836
4856,24838.537
4857,22123.676
4858,23465.395
4859,22802.88
4860,23263.646
4861,23274.412
4862,20106.32
4863,21105.688
4864,19955.742
4865,25174.553
4866,21088.928
4867,22556.035
4868,20901.443
4869,20072.1
4870,25419.535
4871,22959.627
4872,21068.676
4873,27051.752
4874,18512.924
4875,20934.99
4876,28010.22
4877,22626.578
4878,21896.867
4879,19319.424
4880,24650.19
4881,23204.193
4882,20562.404
4883,24245.084
4884,22221.557
4885,24088.217
4886,22641.574
4887,20261.164
4888,22441.07
4889,20882.166
4890,21263.445
4891,22014.916
4892,23069.55
4893,23619.23
4894,23505.219
4895,23422.148
4896,21672.723
4897,22430.488
4898,23391.445
4899,25532.926
4900,20637.176
4901,24354.652
4902,20629.154
4903,20652.43
4904,23195.291
4905,20074.934
4906,20714.584
4907,25985.781
4908,24340.006
4909,20309.223
4910,24057.19
4911,20489.656
4912,22629.316
4913,21647.9
4914,24030.13
4915,23577.05
4916,24751.727
4917,21881.229
4918,22815.75
4919,19145.656
4920,23043.424
4921,27790.287
4922,24091.703
4923,20988.191
4924,24372.012
4925,21811.506
4926,22547.734
4927,20617.143
4928,24817.97
4929,20577.043
4930,24694.826
4931,22356.656
4932,22725.754
4933,24863.951
4934,25329.188
4935,20610.738
4936,21689.617
4937,20844.338
4938,24852.137
4939,22932.01
4940,24157.756
4941,25713.617
4942,19895.928
4943,20671.186
4944,20574.852
4945,25210.621
4946,25955.752
4947,25776.523
4948,22074.947
4949,24244.088
4950,23142.523
4951,21631.514
4952,24039.264
4953,23255.533
4954,21288.111
4955,26952.334
4956,24506.092
4957,22389.094
4958,21246.904
4959,21230.34
4960,22356.639
4961,24356.223
4962,21027.414
4963,23490.572
4964,24199.174
4965,24837.838
4966,23107.617
4967,22596.48
4968,22686.752
4969,25006.764
4970,23051.383
4971,22367.826
4972,20671.482
4973,21984.916
4974,23532.025
4975,24125.086
4976,23012.256
4977,25645.896
4978,20638.695
4979,24689.621
4980,25304.934
4981,23560.25
4982,24771.01
4983,21194.125
4984,19831.328
4985,23500.867
4986,23025.408
4987,25740.219
4988,19384.473
4989,23609.986
4990,19682.688
4991,21288.49
4992,20195.234
4993,20307.451
4994,22900.943
4995,18412.834
4996,22194.045
4997,22335.154
4998,19843.156
4999,23909.273
